mu_mag,sig_mag
3.053545e-01,1.376055e-01
